/cgi-bin/codes/3m/	3M	12
/cgi-bin/codes/abb/	ABB	3
/cgi-bin/codes/acer/	Acer	1
/cgi-bin/codes/ada/	ADA	9
/cgi-bin/codes/adcom/	Adcom	5
/cgi-bin/codes/aethra/	Aethra	3
/cgi-bin/codes/aiwa/	Aiwa	2
/cgi-bin/codes/akai/	Akai	4
/cgi-bin/codes/alpine/	Alpine	1
/cgi-bin/codes/amc/	AMC	3
/cgi-bin/codes/ampro/	Ampro	5
/cgi-bin/codes/anthem/	Anthem	2
/cgi-bin/codes/apex/	Apex	2
/cgi-bin/codes/apti/	Apti	1
/cgi-bin/codes/aragon/	Aragon	2
/cgi-bin/codes/ask/	Ask	3
/cgi-bin/codes/atlantic_technology/	Atlantic_Technology	2
/cgi-bin/codes/audio_design_associates/	Audio_Design_Associates	2
/cgi-bin/codes/audio_ease/	Audio_Ease	6
/cgi-bin/codes/audio_international/	Audio_International	3
/cgi-bin/codes/audio_request/	Audio_Request	1
/cgi-bin/codes/audioaccess/	Audioaccess	1
/cgi-bin/codes/audioease/	Audioease	3
/cgi-bin/codes/audiosource/	Audiosource	1
/cgi-bin/codes/auton/	Auton	1
/cgi-bin/codes/auto-vue/	Auto-Vue	1
/cgi-bin/codes/b_&amp;_k/	B_and_K	20
/cgi-bin/codes/bang_&amp;_olufsen/	Bang_and_Olufsen	15
/cgi-bin/codes/barco/	Barco	6
/cgi-bin/codes/biamp/	Biamp	10
/cgi-bin/codes/bmb/	BMB	2
/cgi-bin/codes/bogen/	Bogen	1
/cgi-bin/codes/bose/	Bose	5
/cgi-bin/codes/broksonic/	Broksonic	1
/cgi-bin/codes/btx/	BTX	2
/cgi-bin/codes/california_audio_labs/	California_Audio_Labs	4
/cgi-bin/codes/canon/	Canon	3
/cgi-bin/codes/carver/	Carver	33
/cgi-bin/codes/channel_master/	Channel_Master	1
/cgi-bin/codes/chaparral/	Chaparral	3
/cgi-bin/codes/chiro/	Chiro	4
/cgi-bin/codes/chisholm/	Chisholm	2
/cgi-bin/codes/christie_digital_systems/	Christie_Digital_Systems	1
/cgi-bin/codes/clarion/	Clarion	1
/cgi-bin/codes/classe/	Classe	10
/cgi-bin/codes/counterpoint/	Counterpoint	3
/cgi-bin/codes/ctx/	CTX	1
/cgi-bin/codes/ctx-optima/	CTX-Optima	1
/cgi-bin/codes/daewoo/	Daewoo	1
/cgi-bin/codes/dalite/	Dalite	1
/cgi-bin/codes/davis/	Davis	3
/cgi-bin/codes/dbox/	Dbox	1
/cgi-bin/codes/denon/	Denon	67
/cgi-bin/codes/digital_projection/	Digital_Projection	1
/cgi-bin/codes/dish_network/	Dish_Network	2
/cgi-bin/codes/dmx/	DMX	2
/cgi-bin/codes/draper/	Draper	1
/cgi-bin/codes/dual_cassette/	Dual_Cassette	1
/cgi-bin/codes/dukane/	Dukane	2
/cgi-bin/codes/dwin/	Dwin	4
/cgi-bin/codes/echostar/	Echostar	7
/cgi-bin/codes/eike/	Eike	2
/cgi-bin/codes/eiki/	Eiki	6
/cgi-bin/codes/elan/	Elan	2
/cgi-bin/codes/electrohome/	Electrohome	9
/cgi-bin/codes/electronics/	Electronics	1
/cgi-bin/codes/elero/	Elero	3
/cgi-bin/codes/elmo/	Elmo	5
/cgi-bin/codes/epson/	Epson	13
/cgi-bin/codes/escient/	Escient	9
/cgi-bin/codes/everquest/	Everquest	1
/cgi-bin/codes/extron/	Extron	1
/cgi-bin/codes/fanfare/	Fanfare	1
/cgi-bin/codes/fanon/	Fanon	1
/cgi-bin/codes/farenheit/	Farenheit	2
/cgi-bin/codes/faroudja/	Faroudja	12
/cgi-bin/codes/fisher/	Fisher	3
/cgi-bin/codes/fosgate_audionics/	Fosgate_Audionics	4
/cgi-bin/codes/fostex/	Fostex	1
/cgi-bin/codes/fox/	Fox	1
/cgi-bin/codes/fujitsu/	Fujitsu	2
/cgi-bin/codes/funai/	Funai	1
/cgi-bin/codes/ge/	GE	1
/cgi-bin/codes/gc_electronics/	GC_Electronics	1
/cgi-bin/codes/general_instruments/	General_Instruments	11
/cgi-bin/codes/getner/	Getner	2
/cgi-bin/codes/globecast/	Globecast	1
/cgi-bin/codes/go_video/	Go_Video	2
/cgi-bin/codes/grand_channel/	Grand_Channel	1
/cgi-bin/codes/grand_tech/	Grand_Tech	1
/cgi-bin/codes/grundig/	Grundig	3
/cgi-bin/codes/harmon_kardon/	Harmon_Kardon	35
/cgi-bin/codes/hitachi/	Hitachi	29
/cgi-bin/codes/houston_tracking_systems/	Houston_Tracking_Systems	1
/cgi-bin/codes/hughes/	Hughes	13
/cgi-bin/codes/hunter_douglas/	Hunter_Douglas	3
/cgi-bin/codes/imerge/	Imerge	1
/cgi-bin/codes/infocus/	Infocus	8
/cgi-bin/codes/integra/	Integra	3
/cgi-bin/codes/i-point/	I-Point	2
/cgi-bin/codes/jaton/	Jaton	1
/cgi-bin/codes/jbl/	JBL	2
/cgi-bin/codes/jerrold/	Jerrold	2
/cgi-bin/codes/jvc/	JVC	80
/cgi-bin/codes/kds/	KDS	1
/cgi-bin/codes/kenavision/	Kenavision	1
/cgi-bin/codes/kenwood/	Kenwood	26
/cgi-bin/codes/kinergetics_research/	Kinergetics_Research	9
/cgi-bin/codes/kloss/	Kloss	1
/cgi-bin/codes/mtx/	MTX	1
/cgi-bin/codes/kodak/	Kodak	3
/cgi-bin/codes/krell/	Krell	9
/cgi-bin/codes/kustom/	Kustom	1
/cgi-bin/codes/lexicon/	Lexicon	9
/cgi-bin/codes/linn/	Linn	13
/cgi-bin/codes/litetouch/	Litetouch	1
/cgi-bin/codes/loewe/	Loewe	4
/cgi-bin/codes/lutron/	Lutron	6
/cgi-bin/codes/luxman/	Luxman	1
/cgi-bin/codes/magnavox/	Magnavox	13
/cgi-bin/codes/makita_electric_works/	Makita_Electric_Works	2
/cgi-bin/codes/marantz/	Marantz	181
/cgi-bin/codes/mark_levinson/	Mark_Levinson	4
/cgi-bin/codes/matrix_systems/	Matrix_Systems	1
/cgi-bin/codes/mcintosh/	Mcintosh	13
/cgi-bin/codes/mediland/	Mediland	1
/cgi-bin/codes/megapower/	Megapower	2
/cgi-bin/codes/meridian/	Meridian	9
/cgi-bin/codes/microsoft/	Microsoft	1
/cgi-bin/codes/mindpath/	Mindpath	2
/cgi-bin/codes/mitsubishi/	Mitsubishi	50
/cgi-bin/codes/monivision/	Monivision	2
/cgi-bin/codes/monovision/	Monovision	1
/cgi-bin/codes/motorola/	Motorola	3
/cgi-bin/codes/multi_video_labs/	Multi_Video_Labs	1
/cgi-bin/codes/nad/	NAD	7
/cgi-bin/codes/nakamichi/	Nakamichi	15
/cgi-bin/codes/nec/	NEC	29
/cgi-bin/codes/netware/	Netware	1
/cgi-bin/codes/nikko/	Nikko	2
/cgi-bin/codes/niles/	Niles	11
/cgi-bin/codes/novaplex/	Novaplex	1
/cgi-bin/codes/nsm/	NSM	6
/cgi-bin/codes/nuview/	Nuview	1
/cgi-bin/codes/nview/	Nview	2
/cgi-bin/codes/oak/	Oak	1
/cgi-bin/codes/on_command/	On_Command	1
/cgi-bin/codes/ong_corporation/	Ong_Corporation	3
/cgi-bin/codes/onkyo/	Onkyo	28
/cgi-bin/codes/pace/	Pace	10
/cgi-bin/codes/pace_sky_manual/	Pace_Sky_Manual	1
/cgi-bin/codes/panasat/	Panasat	3
/cgi-bin/codes/panasonic/	Panasonic	93
/cgi-bin/codes/parasound/	Parasound	12
/cgi-bin/codes/philips/	Philips	68
/cgi-bin/codes/piano_disc/	Piano_Disc	1
/cgi-bin/codes/picturetel/	Picturetel	3
/cgi-bin/codes/pinnacle/	Pinnacle	1
/cgi-bin/codes/pioneer/	Pioneer	110
/cgi-bin/codes/plus/	Plus	1
/cgi-bin/codes/poloroid/	Poloroid	1
/cgi-bin/codes/polycom/	Polycom	10
/cgi-bin/codes/primare/	Primare	10
/cgi-bin/codes/primestar/	Primestar	1
/cgi-bin/codes/princeton/	Princeton	3
/cgi-bin/codes/pro_presenter/	Pro_Presenter	1
/cgi-bin/codes/proceed/	Proceed	7
/cgi-bin/codes/projectavision/	Projectavision	1
/cgi-bin/codes/proscan/	Proscan	8
/cgi-bin/codes/proton/	Proton	7
/cgi-bin/codes/proxima/	Proxima	15
/cgi-bin/codes/qrs/	QRS	1
/cgi-bin/codes/quasar/	Quasar	2
/cgi-bin/codes/rca/	RCA	33
/cgi-bin/codes/replay_tv/	Replay_TV	1
/cgi-bin/codes/request_multimedia/	Request_Multimedia	2
/cgi-bin/codes/revox/	Revox	11
/cgi-bin/codes/rft/	RFT	7
/cgi-bin/codes/rock-ola/	Rock-OLA	1
/cgi-bin/codes/rotel/	Rotel	21
/cgi-bin/codes/runco/	Runco	31
/cgi-bin/codes/russound/	Russound	1
/cgi-bin/codes/samsung/	Samsung	19
/cgi-bin/codes/sanyo/	Sanyo	12
/cgi-bin/codes/scientific_atlanta/	Scientific_Atlanta	11
/cgi-bin/codes/sears/	Sears	2
/cgi-bin/codes/seleco/	Seleco	7
/cgi-bin/codes/sharp/	Sharp	37
/cgi-bin/codes/sherwood/	Sherwood	5
/cgi-bin/codes/silent_gliss/	Silent_Gliss	1
/cgi-bin/codes/sima/	Sima	1
/cgi-bin/codes/sky/	Sky	2
/cgi-bin/codes/somfy/	Somfy	7
/cgi-bin/codes/sony/	Sony	257
/cgi-bin/codes/sonic_blue/	Sonic_Blue	2
/cgi-bin/codes/southerland/	Southerland	3
/cgi-bin/codes/sunfire/	Sunfire	1
/cgi-bin/codes/sunteca/	Sunteca	1
/cgi-bin/codes/tagmclaren/	Tagmclaren	2
/cgi-bin/codes/tandberg/	Tandberg	2
/cgi-bin/codes/tascam/	Tascam	10
/cgi-bin/codes/teac/	Teac	12
/cgi-bin/codes/technics/	Technics	31
/cgi-bin/codes/telex/	Telex	1
/cgi-bin/codes/theta_casablanca/	Theta_Casablanca	1
/cgi-bin/codes/theta_digital/	Theta_Digital	5
/cgi-bin/codes/toshiba/	Toshiba	35
/cgi-bin/codes/totevision/	Totevision	1
/cgi-bin/codes/travelors/	Travelors	1
/cgi-bin/codes/turtle_beach/	Turtle_Beach	1
/cgi-bin/codes/uniden/	Uniden	5
/cgi-bin/codes/us_electronics/	US_Electronics	3
/cgi-bin/codes/vantage/	Vantage	1
/cgi-bin/codes/vaux/	Vaux	1
/cgi-bin/codes/velodyne/	Velodyne	1
/cgi-bin/codes/videolabs/	Videolabs	2
/cgi-bin/codes/vidikron/	Vidikron	14
/cgi-bin/codes/viewsonic/	Viewsonic	1
/cgi-bin/codes/viewtech/	Viewtech	1
/cgi-bin/codes/vu-tec/	Vu-Tec	1
/cgi-bin/codes/wireless_mouse_inc/	Wireless_Mouse_Inc	1
/cgi-bin/codes/wisetech/	Wisetech	1
/cgi-bin/codes/wolf/	Wolf	3
/cgi-bin/codes/x-10/	X-10	1
/cgi-bin/codes/xantech/	Xantech	11
/cgi-bin/codes/yamaha/	Yamaha	37
/cgi-bin/codes/zenith/	Zenith	18
