ref="/cgi-bin/codes/pioneer/	_|_Page:_<a_href="/cgi-bin/codes/pioneer/">1</a>_2_|_Next
/cgi-bin/codes/pioneer/pro_720hd/	Pro_720HD
/cgi-bin/codes/pioneer/pro-1000/	PRO-1000
/cgi-bin/codes/pioneer/pro-1008w/	PRO-1008W
/cgi-bin/codes/pioneer/pro-99/	PRO-99
/cgi-bin/codes/pioneer/pro700hd/	PRO700HD
/cgi-bin/codes/pioneer/projection_monitor_receiver/	Projection_Monitor_Receiver
/cgi-bin/codes/pioneer/projection_monitor/	Projection_Monitor
/cgi-bin/codes/pioneer/prv-9000/	PRV-9000
/cgi-bin/codes/pioneer/receiver/	Receiver
/cgi-bin/codes/pioneer/sd582hd5_hdtv/	SD582HD5_Hdtv
/cgi-bin/codes/pioneer/sd641hd5_hdtv/	SD641HD5_Hdtv
/cgi-bin/codes/pioneer/sx255r_reciever/	SX255R_Reciever
/cgi-bin/codes/pioneer/v7400/	V7400
/cgi-bin/codes/pioneer/vs-x305_reciever/	VS-X305_Reciever
/cgi-bin/codes/pioneer/vsx-29tx/	VSX-29TX
/cgi-bin/codes/pioneer/vsx-49txi/	VSX-49TXI
/cgi-bin/codes/pioneer/vsx-502/	VSX-502
/cgi-bin/codes/pioneer/vsx-606s_receiver_and_tuner_control_only/	VSX-606S_Receiver_And_Tuner_Control_Only
/cgi-bin/codes/pioneer/vsx-906_receiver_and_tuner_control_only/	VSX-906_Receiver_And_Tuner_Control_Only
/cgi-bin/codes/pioneer/vsx-95/	VSX-95
/cgi-bin/codes/pioneer/vsx-97_receiver_and_tuner_control_only/	VSX-97_Receiver_And_Tuner_Control_Only
/cgi-bin/codes/pioneer/vsx-99_-_tuner/	VSX-99_-_Tuner
/cgi-bin/codes/pioneer/vsx-d307/	VSX-D307
/cgi-bin/codes/pioneer/vsx-d903s/	VSX-D903S
/cgi-bin/codes/pioneer/vsx-d906s/	VSX-D906S
/cgi-bin/codes/pioneer/vsx-dsp/	VSX-DSP
/cgi-bin/codes/pioneer/vsx09tx_0/	VSX09TX(0)
/cgi-bin/codes/pioneer/vsx09tx_1/	VSX09TX(1)
/cgi-bin/codes/pioneer/vsx09tx_2/	VSX09TX(2)
/cgi-bin/codes/pioneer/vsx09tx_3/	VSX09TX(3)
/cgi-bin/codes/pioneer/vsx09tx_4/	VSX09TX(4)
/cgi-bin/codes/pioneer/vsx09tx_5/	VSX09TX(5)
/cgi-bin/codes/pioneer/vsx09tx_6/	VSX09TX(6)
/cgi-bin/codes/pioneer/vsx09tx_7/	VSX09TX(7)
/cgi-bin/codes/pioneer/vsx09tx/	VSX09TX
ref="/cgi-bin/codes/pioneer/	_|_Page:_<a_href="/cgi-bin/codes/pioneer/">1</a>_2_|_Next
/cgi-bin/codes/pioneer/50_disc/	50_Disc
/cgi-bin/codes/pioneer/ac-5_preamp/	AC-5_Preamp
/cgi-bin/codes/pioneer/cable_box/	Cable_Box
/cgi-bin/codes/pioneer/cd_cdv_ld_player/	CD_Cdv_LD_Player
/cgi-bin/codes/pioneer/cd_0/	CD(0)
/cgi-bin/codes/pioneer/cd/	CD
/cgi-bin/codes/pioneer/cld-0604/	CLD-0604
/cgi-bin/codes/pioneer/cld-1070/	CLD-1070
/cgi-bin/codes/pioneer/cld-702_laser_disc/	CLD-702_Laser_Disc
/cgi-bin/codes/pioneer/cld-720/	CLD-720
/cgi-bin/codes/pioneer/cld-79/	CLD-79
/cgi-bin/codes/pioneer/cld-95/	CLD-95
/cgi-bin/codes/pioneer/cld-97/	CLD-97
/cgi-bin/codes/pioneer/cld-d501_laserdisc_cld-d550/	CLD-D501_Laserdisc_&_CLD-D550
/cgi-bin/codes/pioneer/cld-d704_laser_disc/	CLD-D704_Laser_Disc
/cgi-bin/codes/pioneer/cld-m301/	CLD-M301
/cgi-bin/codes/pioneer/cld-m401/	CLD-M401
/cgi-bin/codes/pioneer/cld-v2600/	CLD-V2600
/cgi-bin/codes/pioneer/cld-v2800/	CLD-V2800
/cgi-bin/codes/pioneer/cld069/	CLD069
/cgi-bin/codes/pioneer/cld-v2800lb/	CLD-V2800LB
/cgi-bin/codes/pioneer/cld-v820/	CLD-V820
/cgi-bin/codes/pioneer/cld-v860/	CLD-V860
/cgi-bin/codes/pioneer/cld99/	CLD99
/cgi-bin/codes/pioneer/cu-b159/	CU-B159
/cgi-bin/codes/pioneer/cu-v151/	CU-V151
/cgi-bin/codes/pioneer/cu-v155/	CU-V155
/cgi-bin/codes/pioneer/cu-vxx115/	CU-VXX115
/cgi-bin/codes/pioneer/discreet_codes/	Discreet_Codes
/cgi-bin/codes/pioneer/dv-434/	DV-434
/cgi-bin/codes/pioneer/dv-525/	DV-525
/cgi-bin/codes/pioneer/dv-626d/	DV-626D
/cgi-bin/codes/pioneer/dv-ax10/	DV-AX10
/cgi-bin/codes/pioneer/dv-f727/	DV-F727
/cgi-bin/codes/pioneer/dv05/	DV05
/cgi-bin/codes/pioneer/dv09/	DV09
/cgi-bin/codes/pioneer/dv38a/	DV38A
/cgi-bin/codes/pioneer/dvc-36/	DVC-36
/cgi-bin/codes/pioneer/dvc503/	DVC503
/cgi-bin/codes/pioneer/dvd-v7200/	DVD-V7200
/cgi-bin/codes/pioneer/dvd500/	DVD500
/cgi-bin/codes/pioneer/dvd505/	DVD505
/cgi-bin/codes/pioneer/dvf07/	DVF07
/cgi-bin/codes/pioneer/dvl-v888/	DVL-V888
/cgi-bin/codes/pioneer/dvl700_dvd/	DVL700_(DVD)
/cgi-bin/codes/pioneer/dvl90/	DVL90
/cgi-bin/codes/pioneer/dvl909/	DVL909
/cgi-bin/codes/pioneer/dvl91/	DVL91
/cgi-bin/codes/pioneer/dvl919/	DVL919
/cgi-bin/codes/pioneer/elite_pro_610_tv/	Elite_Pro_610_TV
/cgi-bin/codes/pioneer/elite_pro_620/	Elite_Pro_620
/cgi-bin/codes/pioneer/elite_pro_710/	Elite_Pro_710
/cgi-bin/codes/pioneer/elite_sp-99d/	Elite_SP-99D
/cgi-bin/codes/pioneer/file_type_cd_player/	File_Type_CD_Player
/cgi-bin/codes/pioneer/ld_player/	LD_Player
/cgi-bin/codes/pioneer/ld-700/	LD-700
/cgi-bin/codes/pioneer/ld-s2/	LD-S2
/cgi-bin/codes/pioneer/ld-v8000-ld-6010/	LD-V8000-LD-6010
/cgi-bin/codes/pioneer/ldw-1/	LDW-1
/cgi-bin/codes/pioneer/pd-f1039/	PD-F1039
/cgi-bin/codes/pioneer/pd-f17/	PD-F17
/cgi-bin/codes/pioneer/pd-f906/	PD-F906
/cgi-bin/codes/pioneer/pd-f958/	PD-F958
/cgi-bin/codes/pioneer/pdf-1007/	PDF-1007
/cgi-bin/codes/pioneer/pdf-19/	PDF-19
/cgi-bin/codes/pioneer/pdm-435/	PDM-435
/cgi-bin/codes/pioneer/pdp-4330hd/	PDP-4330HD
/cgi-bin/codes/pioneer/pdp-501mx/	PDP-501MX
/cgi-bin/codes/pioneer/pdp-r03u/	PDP-R03U
/cgi-bin/codes/pioneer/pdr-555rw/	PDR-555RW
/cgi-bin/codes/pioneer/pr0510/	PR0510
/cgi-bin/codes/pioneer/pro_1000_hd/	Pro_1000_HD
/cgi-bin/codes/pioneer/pro_107_tv_controls/	Pro_107_TV_Controls
/cgi-bin/codes/pioneer/pro_117/	Pro_117
/cgi-bin/codes/pioneer/pro_119/	Pro_119
